{
	"format_version": "1.8.0",
	"animations": {
		"idle": {
			"animation_length": 8,
			"bones": {
				"bone": {
					"rotation": {
						"0.0": {
							"vector": [0, -5, -7.5]
						},
						"1.0": {
							"vector": [-0.21803, -2.49525, -5.00001]
						},
						"2.0": {
							"vector": [0, -5, -7.5]
						},
						"3.0": {
							"vector": [0.21803, -2.49525, -9.99999]
						},
						"4.0": {
							"vector": [0, -5, -7.5]
						},
						"5.0": {
							"vector": [-0.21803, -2.49525, -5.00001]
						},
						"6.0": {
							"vector": [0, -5, -7.5]
						},
						"7.0": {
							"vector": [0.21803, -2.49525, -9.99999]
						},
						"8.0": {
							"vector": [0, -5, -7.5]
						}
					},
					"position": {
						"0.0": {
							"vector": [0, 0, 0]
						},
						"1.0": {
							"vector": [0, -0.25, 0]
						},
						"2.0": {
							"vector": [0, 0, 0]
						},
						"3.0": {
							"vector": [0, 0, 0]
						},
						"4.0": {
							"vector": [0, 0, 0]
						},
						"5.0": {
							"vector": [0, -0.25, 0]
						},
						"6.0": {
							"vector": [0, 0, 0]
						},
						"7.0": {
							"vector": [0, 0, 0]
						},
						"8.0": {
							"vector": [0, 0, 0]
						}
					}
				},
				"ra": {
					"rotation": {
						"vector": [90, 0, 15]
					},
					"position": {
						"vector": [5.5, -4, 24]
					},
					"scale": {
						"vector": [1.7, 1.7, 1.7]
					}
				},
				"la": {
					"rotation": {
						"0.0": {
							"vector": [78.08419, -1.28567, -17.6268]
						},
						"3.0417": {
							"vector": [78.08419, -1.28567, -17.6268]
						},
						"3.2083": {
							"vector": [78.3477, -2.81945, -24.97323]
						},
						"3.375": {
							"vector": [75.8477, -2.81945, -24.97323]
						},
						"3.5": {
							"vector": [78.08419, -1.28567, -17.6268]
						}
					},
					"position": {
						"0.0": {
							"vector": [9, -8, 19]
						},
						"3.0417": {
							"vector": [9, -8, 19]
						},
						"3.5": {
							"vector": [9, -8, 19]
						}
					},
					"scale": {
						"0.0": {
							"vector": [1.7, 1.7, 1.7]
						},
						"3.0417": {
							"vector": [1.7, 1.7, 1.7]
						},
						"3.5": {
							"vector": [1.7, 1.7, 1.7]
						}
					}
				}
			}
		},
		"shoot": {
			"animation_length": 0.2917,
			"bones": {
				"bone": {
					"rotation": {
						"0.0": {
							"vector": [0, -5, -7.5]
						},
						"0.0417": {
							"vector": [-8.08446, -3.9817, -0.04644]
						},
						"0.125": {
							"vector": [-15, -5, -7.5]
						},
						"0.25": {
							"vector": [0, -5, -7.5]
						}
					},
					"position": {
						"0.0": {
							"vector": [0, 0, 0]
						},
						"0.0417": {
							"vector": [0, 0, 13]
						},
						"0.0833": {
							"vector": [0, 0, 9]
						},
						"0.125": {
							"vector": [0, 0, 8]
						},
						"0.1667": {
							"vector": [0, 0, 4]
						},
						"0.2083": {
							"vector": [0, 0, -1]
						},
						"0.25": {
							"vector": [0, 0, 0]
						}
					}
				},
				"bone2": {
					"rotation": {
						"vector": [0, 0, 0]
					},
					"position": {
						"0.0": {
							"vector": [0, 0, 0]
						},
						"0.0417": {
							"vector": [0, 0, 5]
						},
						"0.0833": {
							"vector": [0, 0, 7]
						},
						"0.1667": {
							"vector": [0, 0, 5]
						},
						"0.2083": {
							"vector": [0, 0, 0]
						}
					},
					"scale": {
						"vector": [1, 1, 1]
					}
				},
				"bone5": {
					"rotation": {
						"0.0": {
							"vector": [0, 0, 0]
						},
						"0.0417": {
							"vector": [0, 0, 0]
						},
						"0.0833": {
							"vector": [0, 0, -32.5]
						},
						"0.125": {
							"vector": [0, 0, -75]
						},
						"0.1667": {
							"vector": [0, 0, -95]
						},
						"0.2083": {
							"vector": [0, 32.5, -100]
						},
						"0.25": {
							"vector": [-360, 75, -460]
						}
					},
					"position": {
						"0.0": {
							"vector": [0, 0, 0]
						},
						"0.0417": {
							"vector": [0, 0, 0]
						},
						"0.0833": {
							"vector": [-1, 0, 0]
						},
						"0.125": {
							"vector": [-3, 2, 0]
						},
						"0.1667": {
							"vector": [-6, 2, 0]
						},
						"0.25": {
							"vector": [-6, -3, 0]
						}
					},
					"scale": {
						"0.0": {
							"vector": [1, 1, 1]
						},
						"0.0417": {
							"vector": [1, 1, 1]
						},
						"0.25": {
							"vector": [1, 1, 1]
						},
						"0.2917": {
							"vector": [0, 0, 0]
						}
					}
				},
				"ra": {
					"rotation": {
						"vector": [90, 0, 15]
					},
					"position": {
						"vector": [5.5, -4, 24]
					},
					"scale": {
						"vector": [1.7, 1.7, 1.7]
					}
				},
				"la": {
					"rotation": {
						"vector": [78.08419, -1.28567, -17.6268]
					},
					"position": {
						"vector": [9, -8, 19]
					},
					"scale": {
						"vector": [1.7, 1.7, 1.7]
					}
				}
			}
		},
		"reload": {
			"animation_length": 4.4583,
			"bones": {
				"bone": {
					"rotation": {
						"0.0": {
							"vector": [0, -5, -7.5]
						},
						"0.125": {
							"vector": [-1.50122, -28.87909, -24.69212]
						},
						"0.2083": {
							"vector": [0.77061, -34.06333, -19.05711]
						},
						"0.2917": {
							"vector": [0.77, -34.06, -19.06]
						},
						"0.4583": {
							"vector": [51.62908, -50.15465, -77.05687]
						},
						"0.5417": {
							"vector": [39.38107, -53.48842, -71.02151]
						},
						"0.5833": {
							"vector": [36.64344, -55.02859, -67.64927]
						},
						"0.625": {
							"vector": [39.14344, -55.02859, -67.64927]
						},
						"0.6667": {
							"vector": [41.54169, -56.9346, -70.54213]
						},
						"1.2083": {
							"vector": [41.54, -56.93, -70.54]
						},
						"1.2917": {
							"vector": [49.48785, -58.60307, -74.02427]
						},
						"1.375": {
							"vector": [35.54911, -65.42094, -58.28884]
						},
						"2.7083": {
							"vector": [35.54911, -65.42094, -58.28884]
						},
						"2.7917": {
							"vector": [35.54911, -65.42094, -58.28884]
						},
						"2.875": {
							"vector": [30.54911, -65.42094, -58.28884]
						},
						"2.9583": {
							"vector": [22.63765, -67.57113, -46.94328]
						},
						"3.0833": {
							"vector": [22.64, -67.57, -46.94]
						},
						"3.375": {
							"vector": [8.59751, 10.73643, -24.24372]
						},
						"3.4583": {
							"vector": [-1.621, 0.70772, -30.72994]
						},
						"3.7083": {
							"vector": [-1.62, 0.71, -30.73]
						},
						"3.75": {
							"vector": [-1.62, 0.71, -30.73]
						},
						"4.125": {
							"vector": [-1.62, 0.71, -30.73]
						},
						"4.2083": {
							"vector": [0.9865, 0.91535, -23.23205]
						},
						"4.375": {
							"vector": [1.84656, -10.28083, -0.13662]
						},
						"4.4583": {
							"vector": [0, -5, -7.5]
						}
					},
					"position": {
						"0.0": {
							"vector": [0, 0, 0]
						},
						"0.2917": {
							"vector": [0, 0, 0]
						},
						"0.5417": {
							"vector": [0, 0, 0]
						},
						"1.2083": {
							"vector": [0, 0, 0]
						},
						"1.375": {
							"vector": [0, 0, 0]
						},
						"2.7083": {
							"vector": [0, 0, 0]
						},
						"2.875": {
							"vector": [0, 1, 0]
						},
						"3.0833": {
							"vector": [0, 1, 0]
						},
						"3.7083": {
							"vector": [0, 1, 0]
						},
						"3.75": {
							"vector": [0, 1, 0]
						},
						"3.7917": {
							"vector": [0, 1, 1]
						},
						"3.8333": {
							"vector": [0, 1, 1]
						},
						"3.875": {
							"vector": [0, 1, 3]
						},
						"3.9167": {
							"vector": [0, 1, 3]
						},
						"4.0417": {
							"vector": [0, 1, 3]
						},
						"4.125": {
							"vector": [0, 1, -1]
						},
						"4.2083": {
							"vector": [0, 1, 0]
						},
						"4.375": {
							"vector": [0, 0, 0]
						},
						"4.4583": {
							"vector": [0, 0, 0]
						}
					},
					"scale": {
						"0.2917": {
							"vector": [1, 1, 1]
						},
						"0.5417": {
							"vector": [1, 1, 1]
						},
						"1.2083": {
							"vector": [1, 1, 1]
						},
						"3.0833": {
							"vector": [1, 1, 1]
						},